<shortcuts>
	<shortcut>
		<defaultID />
		<label>[COLOR white]DEPORTES[/COLOR]</label>
		<label2>Add-on de Vídeo</label2>
		<icon>DefaultShortcut.png</icon>
		<thumb>image://https%3a%2f%2fimgur.com%2fHnx25PD.jpg/</thumb>
		<action>ActivateWindow(Videos,"plugin://plugin.video.cristalazul/?url=%24doregex%5Bdistancia%5D&amp;mode=1&amp;name=%5BCOLOR+white%5DDEPORTES%5B%2FCOLOR%5D&amp;fanart=https%3A%2F%2Fi.imgur.com%2FByq4oSp.jpg&amp;regexs=%7B%27distancia%27%3A%20%7B%27name%27%3A%20%27distancia%27%2C%20%27expres%27%3A%20%27%23%24pyFunction%5Cnimport%20re%2Crequests%2Cbase64%2Cshutil%2Crandom%5Cnfrom%20kodi_six%20import%20xbmc%2Cxbmcgui%2Cxbmcaddon%2Cxbmcvfs%5Cnfrom%20six.moves%20import%20urllib_request%5Cnimport%20six%5CnTRANSLATEPATH%20%3D%20xbmc.translatePath%20if%20six.PY2%20else%20xbmcvfs.translatePath%5Cndef%20GetLSProData%28page_data%2CCookie_Jar%2Cm%29%3A%5Cn%20%20%20%20%20%20pasta%20%3D%20requests.get%28%5C%27http%3A//bit.ly/cristal_menus_distancia%5C%27%2C%20headers%3D%7B%5C%27User-Agent%5C%27%3A%20%5C%27Mozilla/5.0%5C%27%7D%29.text%5Cn%20%20%20%20%20%20pasta%20%3D%20six.ensure_str%28pasta%29%5Cn%20%20%20%20%20%20return%20re.findall%28%5C%27%3D%22%28.%2A%3F%29%22%5C%27%2C%20pasta%29%5B2%5D%5Cn%27%2C%20%27page%27%3A%20None%2C%20%27cookiejar%27%3A%20%27%27%7D%7D",return)</action>
		</shortcut>
	</shortcuts>
