<sources>
    <programs>
        <default pathversion="1"></default>
    </programs>
    <video>
        <default pathversion="1"></default>
        <source>
            <name>videolibrary</name>
            <path pathversion="1">special://profile/addon_data/plugin.video.alfa/videolibrary/</path>
            <allowsharing>true</allowsharing>
        </source>
        <source>
            <name>downloads</name>
            <path pathversion="1">/storage/emulated/0/Android/data/org.xbmc.kodi/files/.kodi/userdata/addon_data/plugin.video.alfa/downloads/</path>
            <allowsharing>true</allowsharing>
        </source>
    </video>
    <music>
        <default pathversion="1"></default>
    </music>
    <pictures>
        <default pathversion="1"></default>
    </pictures>
    <files>
        <default pathversion="1"></default>
        <source>
            <name>Home Kodi</name>
            <path pathversion="1">special://home/</path>
            <allowsharing>true</allowsharing>
        </source>
        <source>
            <name>KPT</name>
            <path pathversion="1">https://KodiParatodos.github.io/KPT/</path>
            <allowsharing>true</allowsharing>
        </source>
        <source>
            <name>kdv</name>
            <path pathversion="1">https://fuente.kodivertidoteam.es/</path>
            <allowsharing>true</allowsharing>
        </source>
    </files>
    <games>
        <default pathversion="1"></default>
    </games>
</sources>
